id;name;gender;birthday;register_date;update_date;latest_contract_end_date;contact_number;parents_name
1;gee 啃;苦 轻松;2025-09-09T12:46:32;2025-09-09T18:29:01;2025-09-10T05:01:58;2025-09-09T22:48:49;吸 median;剪 beneath oh
2;whoa;fold 反正 擒;2025-09-10T03:31:45;2025-09-09T16:07:04;2025-09-09T22:24:14;2025-09-10T08:50:33;phew for;utilization
3;bah unless;wherever bah;2025-09-09T11:08:02;2025-09-09T21:19:56;2025-09-09T15:55:30;2025-09-10T05:41:24;推 少 都;格外
4;吐;相当 amongst gradient;2025-09-09T19:24:50;2025-09-09T22:55:55;2025-09-10T06:38:18;2025-09-09T13:21:26;十分 搡;绿 撕 along
5;but finally;一定 整 bah;2025-09-09T11:01:09;2025-09-09T18:58:02;2025-09-10T05:11:16;2025-09-09T14:29:33;while er;before 摔 抿
6;gosh 就 bonnet;why modulo 多亏;2025-09-09T16:12:39;2025-09-10T05:15:46;2025-09-10T01:45:27;2025-09-09T13:53:41;绿 creature;咀 整齐 throughout
7;坚固 少;优秀 er until;2025-09-10T08:38:04;2025-09-10T00:43:05;2025-09-09T23:40:14;2025-09-10T05:05:58;zebra;拍
8;骨碌碌 barring;under ugh;2025-09-10T07:35:34;2025-09-10T01:55:05;2025-09-09T21:31:06;2025-09-10T02:10:32;捺 cricket barring;like 扭
9;平常;before 优秀;2025-09-10T05:49:09;2025-09-09T11:15:35;2025-09-09T17:53:14;2025-09-10T09:56:58;why decision;多亏 nor
10;甜 净 for;provided in who;2025-09-09T22:19:30;2025-09-09T17:34:41;2025-09-09T18:40:23;2025-09-09T14:18:53;what zowie 快;hence ouch
